P_W,v_mm_per_s,melt_depth_um,melt_width_um,material
100,400,157,98,IN718
100,500,136,90,IN718
100,600,55,92,IN718
100,700,71,82,IN718
100,800,30,70,IN718
100,900,19,60,IN718
100,400,138,112,IN718
100,500,115,110,IN718
100,600,44,86,IN718
100,700,55,96,IN718
100,800,14,56,IN718
100,900,17,62,IN718
100,400,153,110,IN718
100,500,76,106,IN718
100,600,56,94,IN718
100,700,44,84,IN718
100,800,37,82,IN718
100,900,22,60,IN718
100,400,142,106,IN718
100,500,78,100,IN718
100,600,76,98,IN718
100,700,48,102,IN718
100,800,19,72,IN718
100,900,35,82,IN718
100,400,138,122,IN718
100,500,79,104,IN718
100,600,87,104,IN718
100,700,47,88,IN718
100,800,25,78,IN718
100,900,15,58,IN718
100,400,163,112,IN718
100,500,87,102,IN718
100,600,50,90,IN718
100,700,49,96,IN718
100,800,44,86,IN718
100,900,23,72,IN718
100,400,108,136,IN718
100,500,100,112,IN718
100,600,52,102,IN718
100,700,63,100,IN718
100,800,23,68,IN718
100,900,27,64,IN718
100,400,153,140,IN718
100,500,81,114,IN718
100,600,41,100,IN718
100,700,37,86,IN718
100,800,25,66,IN718
100,900,23,70,IN718
100,400,148,140,IN718
100,500,100,100,IN718
100,600,59,104,IN718
100,700,44,78,IN718
100,800,22,60,IN718
100,900,45,78,IN718
200,400,289,166,IN718
200,500,252,146,IN718
200,600,205,136,IN718
200,700,206,132,IN718
200,800,178,136,IN718
200,900,137,104,IN718
200,1000,105,112,IN718
200,1100,86,90,IN718
200,400,258,168,IN718
200,500,259,136,IN718
200,600,223,178,IN718
200,700,154,128,IN718
200,800,111,150,IN718
200,900,137,118,IN718
200,1000,127,106,IN718
200,1100,90,100,IN718
200,400,254,186,IN718
200,500,234,166,IN718
200,600,205,154,IN718
200,700,189,146,IN718
200,800,167,150,IN718
200,900,107,110,IN718
200,1000,115,112,IN718
200,1100,77,92,IN718
200,400,321,180,IN718
200,500,276,140,IN718
200,600,214,194,IN718
200,700,205,142,IN718
200,800,152,144,IN718
200,900,102,140,IN718
200,1000,92,96,IN718
200,1100,53,84,IN718
200,400,318,202,IN718
200,500,244,154,IN718
200,600,186,154,IN718
200,700,196,140,IN718
200,800,155,148,IN718
200,900,124,122,IN718
200,1000,106,110,IN718
200,1100,75,104,IN718
200,400,355,184,IN718
200,500,265,140,IN718
200,600,219,148,IN718
200,700,176,150,IN718
200,800,140,132,IN718
200,900,127,128,IN718
200,1000,104,110,IN718
200,1100,93,138,IN718
200,400,303,198,IN718
200,500,281,176,IN718
200,600,251,192,IN718
200,700,175,178,IN718
200,800,161,150,IN718
200,900,128,140,IN718
200,1000,105,128,IN718
200,1100,106,110,IN718
200,400,346,190,IN718
200,500,299,176,IN718
200,600,236,150,IN718
200,700,166,164,IN718
200,800,143,148,IN718
200,900,145,112,IN718
200,1000,101,100,IN718
200,1100,106,92,IN718
200,400,326,186,IN718
200,500,304,220,IN718
200,600,217,178,IN718
200,700,162,158,IN718
200,800,170,168,IN718
200,900,155,136,IN718
200,1000,100,116,IN718
200,1100,112,112,IN718
300,400,473,176,IN718
300,500,460,158,IN718
300,600,369,156,IN718
300,700,313,132,IN718
300,800,300,142,IN718
300,900,260,122,IN718
300,1000,246,110,IN718
300,1100,147,132,IN718
300,400,556,170,IN718
300,500,495,168,IN718
300,600,422,128,IN718
300,700,328,150,IN718
300,800,287,146,IN718
300,900,280,122,IN718
300,1000,233,132,IN718
300,1100,182,134,IN718
300,400,539,222,IN718
300,500,509,168,IN718
300,600,407,154,IN718
300,700,264,158,IN718
300,800,310,126,IN718
300,900,320,152,IN718
300,1000,217,128,IN718
300,1100,184,144,IN718
300,400,505,198,IN718
300,500,526,154,IN718
300,600,365,150,IN718
300,700,307,176,IN718
300,800,295,146,IN718
300,900,287,136,IN718
300,1000,177,136,IN718
300,1100,136,134,IN718
300,400,546,196,IN718
300,500,463,198,IN718
300,600,334,204,IN718
300,700,378,186,IN718
300,800,333,146,IN718
300,900,279,146,IN718
300,1000,195,140,IN718
300,1100,144,126,IN718
300,400,551,186,IN718
300,500,520,208,IN718
300,600,317,180,IN718
300,700,365,156,IN718
300,800,306,138,IN718
300,900,306,150,IN718
300,1000,245,124,IN718
300,1100,123,122,IN718
300,400,604,206,IN718
300,500,460,184,IN718
300,600,362,180,IN718
300,700,353,164,IN718
300,800,246,166,IN718
300,900,326,148,IN718
300,1000,227,134,IN718
300,1100,164,146,IN718
300,400,550,212,IN718
300,500,398,200,IN718
300,600,326,190,IN718
300,700,293,168,IN718
300,800,279,148,IN718
300,900,281,140,IN718
300,1000,177,146,IN718
300,1100,147,106,IN718
300,400,558,186,IN718
300,500,449,208,IN718
300,600,373,166,IN718
300,700,331,166,IN718
300,800,344,146,IN718
300,900,257,148,IN718
300,1000,211,138,IN718
300,1100,153,146,IN718
400,400,653,186,IN718
400,500,647,192,IN718
400,600,493,198,IN718
400,700,489,186,IN718
400,800,417,148,IN718
400,900,315,164,IN718
400,1000,202,160,IN718
400,400,723,202,IN718
400,500,605,160,IN718
400,600,574,196,IN718
400,700,547,180,IN718
400,800,435,160,IN718
400,900,309,172,IN718
400,1000,313,146,IN718
400,400,733,184,IN718
400,500,697,202,IN718
400,600,564,216,IN718
400,700,512,194,IN718
400,800,435,168,IN718
400,900,365,158,IN718
400,1000,253,186,IN718
400,400,724,158,IN718
400,500,663,208,IN718
400,600,564,176,IN718
400,700,470,216,IN718
400,800,461,168,IN718
400,900,365,138,IN718
400,1000,182,170,IN718
400,400,783,138,IN718
400,500,681,238,IN718
400,600,593,198,IN718
400,700,560,182,IN718
400,800,501,176,IN718
400,900,442,168,IN718
400,1000,204,128,IN718
400,400,817,226,IN718
400,500,710,216,IN718
400,600,602,234,IN718
400,700,459,212,IN718
400,800,340,216,IN718
400,900,411,148,IN718
400,1000,246,122,IN718
400,400,817,194,IN718
400,500,704,236,IN718
400,600,490,234,IN718
400,700,524,204,IN718
400,800,349,240,IN718
400,900,392,164,IN718
400,1000,238,186,IN718
400,400,789,224,IN718
400,500,719,194,IN718
400,600,605,226,IN718
400,700,514,180,IN718
400,800,423,220,IN718
400,900,378,230,IN718
400,1000,262,168,IN718
400,400,809,232,IN718
400,500,694,208,IN718
400,600,626,240,IN718
400,700,550,220,IN718
400,800,449,214,IN718
400,900,378,224,IN718
400,1000,233,196,IN718
500,400,897,208,IN718
500,500,779,182,IN718
500,600,706,154,IN718
500,700,584,124,IN718
500,800,521,136,IN718
500,900,460,130,IN718
500,1000,420,68,IN718
500,400,905,256,IN718
500,500,629,186,IN718
500,600,712,170,IN718
500,700,599,134,IN718
500,800,535,162,IN718
500,900,526,132,IN718
500,1000,382,96,IN718
500,400,949,284,IN718
500,500,726,164,IN718
500,600,713,162,IN718
500,700,645,154,IN718
500,800,504,160,IN718
500,900,562,110,IN718
500,1000,388,106,IN718
500,400,976,246,IN718
500,500,783,182,IN718
500,600,695,202,IN718
500,700,645,154,IN718
500,800,549,174,IN718
500,900,492,128,IN718
500,1000,391,128,IN718
500,400,977,308,IN718
500,500,760,198,IN718
500,600,730,190,IN718
500,700,639,168,IN718
500,800,611,170,IN718
500,900,548,130,IN718
500,1000,452,150,IN718
500,400,973,248,IN718
500,500,782,168,IN718
500,600,671,218,IN718
500,700,632,172,IN718
500,800,591,186,IN718
500,900,509,108,IN718
500,1000,455,120,IN718
500,400,986,298,IN718
500,500,786,192,IN718
500,600,736,168,IN718
500,700,671,144,IN718
500,800,571,172,IN718
500,900,564,136,IN718
500,1000,493,128,IN718
500,400,1000,270,IN718
500,500,764,212,IN718
500,600,728,172,IN718
500,700,663,172,IN718
500,800,608,198,IN718
500,900,551,136,IN718
500,1000,512,102,IN718
500,400,1020,246,IN718
500,500,794,168,IN718
500,600,776,192,IN718
500,700,705,166,IN718
500,800,582,138,IN718
500,900,489,154,IN718
500,1000,472,120,IN718
600,400,1108,236,IN718
600,500,652,126,IN718
600,400,1145,276,IN718
600,500,640,122,IN718
600,400,1126,254,IN718
600,500,639,148,IN718
600,400,1204,300,IN718
600,500,680,170,IN718
600,400,1162,260,IN718
600,500,639,164,IN718
600,400,1226,296,IN718
600,500,662,148,IN718
600,400,1140,310,IN718
600,500,690,184,IN718
600,400,1223,312,IN718
600,500,722,192,IN718
600,400,1199,300,IN718
600,500,677,192,IN718
