Slice,Orientation (degrees),Power (W),Velocity (mm/s),Width (um),Depth (um),Cap (um)
1,0,370,1300,269.676,283.296,32.688
1,0,370,1350,261.504,326.88,28.602
1,0,370,1400,295.554,275.124,42.222
1,0,370,1450,294.192,276.486,51.756
1,0,370,1500,290.106,265.59,38.136
1,0,370,1550,291.922,266.952,66.738
1,0,370,1600,267.406,228.816,76.272
1,0,370,1650,276.486,238.35,76.726
1,0,370,1700,261.504,246.522,91.254
1,90,370,1300,276.486,276.486,32.688
1,90,370,1350,256.056,280.572,27.24
1,90,370,1400,253.786,279.21,50.394
1,90,370,1450,296.008,257.418,34.05
1,90,370,1500,282.388,314.622,65.376
1,90,370,1550,266.498,268.768,47.67
1,90,370,1600,227.454,261.504,99.426
1,90,370,1650,265.136,261.504,96.248
1,90,370,1700,246.976,230.178,103.512
1,180,370,1300,262.866,171.612,61.29
1,180,370,1350,256.51,141.648,89.892
1,180,370,1400,261.504,175.698,103.512
1,180,370,1450,253.786,114.408,46.308
1,180,370,1500,262.866,88.53,76.272
1,180,370,1550,294.192,89.892,95.34
1,180,370,1600,236.988,129.39,88.53
1,180,370,1650,227.454,96.702,26.332
1,180,370,1700,238.804,186.594,66.738
1,270,370,1300,152.544,133.476,34.05
1,270,370,1350,277.394,233.356,49.94
1,270,370,1400,271.038,209.748,100.788
1,270,370,1450,315.984,152.544,96.702
1,270,370,1500,275.124,148.458,113.046
1,270,370,1550,236.988,204.754,80.358
1,270,370,1600,219.282,177.06,99.426
1,270,370,1650,236.988,198.852,74.91
1,270,370,1700,271.038,198.852,74.91
1,45,370,1300,208.386,156.63,74.91
1,45,370,1350,219.282,156.63,70.824
1,45,370,1400,175.244,133.93,47.67
1,45,370,1450,200.214,113.046,66.738
1,45,370,1500,185.232,122.58,69.462
1,45,370,1550,170.25,133.476,69.462
1,45,370,1600,187.956,166.618,65.83
1,45,370,1650,257.418,131.206,78.996
1,45,370,1700,167.526,137.562,61.29
1,135,370,1300,198.852,170.25,32.688
1,135,370,1350,280.572,196.128,69.462
1,135,370,1400,257.418,157.992,47.67
1,135,370,1450,291.468,208.386,80.358
1,135,370,1500,269.676,166.164,62.652
1,135,370,1550,229.27,202.938,61.29
1,135,370,1600,230.178,200.668,91.254
1,135,370,1650,215.196,215.196,65.376
1,135,370,1700,179.784,143.01,21.338
1,225,370,1300,243.798,108.506,27.694
1,225,370,1350,253.786,162.078,55.842
1,225,370,1400,242.436,98.064,31.78
1,225,370,1450,270.13,80.812,61.29
1,225,370,1500,230.178,117.132,78.996
1,225,370,1550,271.038,113.046,76.272
1,225,370,1600,224.73,95.34,46.308
1,225,370,1650,231.994,139.832,71.278
1,225,370,1700,219.282,157.992,58.112
1,315,370,1300,245.16,181.6,18.614
1,315,370,1350,247.884,160.716,24.516
1,315,370,1400,242.436,209.748,14.074
1,315,370,1450,233.356,191.134,34.05
1,315,370,1500,227.454,172.066,29.964
1,315,370,1550,243.344,192.95,52.21
1,315,370,1600,231.54,204.3,47.67
1,315,370,1650,219.736,143.464,43.584
1,315,370,1700,213.834,98.064,31.78
2,0,370,1300,310.536,239.712,28.602
2,0,370,1350,309.174,238.35,27.24
2,0,370,1400,271.038,262.866,38.136
2,0,370,1450,309.174,204.3,32.688
2,0,370,1500,256.056,183.87,24.516
2,0,370,1550,264.228,208.84,50.848
2,0,370,1600,237.896,147.55,53.572
2,0,370,1650,205.208,172.974,76.272
2,0,370,1700,236.988,154.36,75.364
2,90,370,1300,280.118,291.468,21.792
2,90,370,1350,327.334,256.056,38.136
2,90,370,1400,318.708,272.4,24.516
2,90,370,1450,291.468,232.902,32.688
2,90,370,1500,242.436,279.21,51.756
2,90,370,1550,235.626,205.662,53.118
2,90,370,1600,246.522,236.988,51.756
2,90,370,1650,208.386,133.476,74.91
2,90,370,1700,213.834,137.562,85.806
2,180,370,1300,236.988,212.472,58.566
2,180,370,1350,250.608,230.178,42.222
2,180,370,1400,181.146,196.128,66.738
2,180,370,1450,200.668,197.036,50.848
2,180,370,1500,175.698,152.998,34.05
2,180,370,1550,211.11,183.87,47.67
2,180,370,1600,138.016,153.452,37.682
2,180,370,1650,179.784,128.482,52.21
2,180,370,1700,179.784,162.986,49.032
2,270,370,1300,194.766,113.046,34.05
2,270,370,1350,220.19,108.96,29.056
2,270,370,1400,230.178,157.992,65.376
2,270,370,1450,215.65,84.444,65.376
2,270,370,1500,223.822,137.562,27.24
2,270,370,1550,178.876,80.812,33.142
2,270,370,1600,196.128,136.2,61.29
2,270,370,1650,199.306,99.426,49.486
2,270,370,1700,185.232,102.604,45.854
2,45,370,1300,238.35,204.3,42.222
2,45,370,1350,237.442,224.73,33.142
2,45,370,1400,221.098,201.576,36.774
2,45,370,1450,212.018,123.488,40.86
2,45,370,1500,224.276,84.444,46.308
2,45,370,1550,224.276,118.494,46.308
2,45,370,1600,230.178,98.064,66.738
2,45,370,1650,201.122,143.464,92.162
2,45,370,1700,203.392,118.494,95.34
2,135,370,1300,246.522,167.526,74.91
2,135,370,1350,155.268,141.648,53.118
2,135,370,1400,185.232,198.852,36.774
2,135,370,1450,225.184,106.236,55.842
2,135,370,1500,236.988,104.874,74.91
2,135,370,1550,322.794,98.518,62.652
2,135,370,1600,227.454,91.254,27.24
2,135,370,1650,200.214,132.114,42.222
2,135,370,1700,213.834,113.046,59.928
2,225,370,1300,276.486,228.816,17.706
2,225,370,1350,247.884,271.038,36.774
2,225,370,1400,252.424,215.196,31.78
2,225,370,1450,190.68,177.06,50.394
2,225,370,1500,251.97,271.492,66.738
2,225,370,1550,217.92,228.816,50.848
2,225,370,1600,190.68,185.232,42.222
2,225,370,1650,172.974,133.022,28.602
2,225,370,1700,217.012,81.72,21.792
2,315,370,1300,227.908,137.562,8.172
2,315,370,1350,222.46,215.196,27.24
2,315,370,1400,212.472,209.748,21.792
2,315,370,1450,224.73,197.944,27.694
2,315,370,1500,223.368,177.06,17.706
2,315,370,1550,212.472,147.096,43.584
2,315,370,1600,235.626,162.078,38.136
2,315,370,1650,215.196,147.55,48.124
2,315,370,1700,179.784,89.892,50.394
3,0,370,1550,253.332,147.096,47.67
3,0,370,1600,215.196,205.662,42.222
3,0,370,1650,204.754,160.716,114.408
3,0,370,1700,223.368,143.01,148.912
3,90,370,1300,286.928,267.406,27.24
3,90,370,1350,253.332,251.97,28.602
3,90,370,1400,247.884,251.97,17.706
3,90,370,1450,232.902,200.214,34.05
3,90,370,1500,257.418,238.35,42.222
3,90,370,1550,215.196,185.232,51.756
3,90,370,1600,242.89,170.25,70.824
3,90,370,1650,179.784,152.544,66.738
3,90,370,1700,223.368,138.924,108.96
3,180,370,1300,205.662,104.874,47.67
3,180,370,1350,243.798,228.816,34.05
3,180,370,1400,219.282,113.046,70.824
3,270,370,1300,271.038,156.63,62.652
3,270,370,1350,253.332,143.01,62.652
3,270,370,1400,256.056,113.046,65.376
3,270,370,1450,251.97,95.34,70.824
3,270,370,1500,214.288,99.426,46.308
3,270,370,1550,200.214,85.806,38.136
3,270,370,1600,215.196,132.114,76.272
3,270,370,1650,257.418,133.476,89.892
3,270,370,1700,238.35,87.168,69.462
3,45,370,1300,213.834,136.2,49.032
3,45,370,1350,200.214,114.408,86.26
3,45,370,1400,204.3,141.648,84.444
3,45,370,1450,215.65,162.078,59.928
3,45,370,1500,228.816,88.53,61.29
3,45,370,1550,234.264,104.874,74.91
3,135,370,1450,227.454,74.91,42.222
3,135,370,1500,204.3,47.67,40.86
3,135,370,1550,205.662,76.272,51.756
3,135,370,1600,157.992,118.494,57.204
3,135,370,1650,234.264,68.1,36.774
3,135,370,1700,193.404,102.15,62.652
3,225,370,1300,307.812,193.858,36.774
3,225,370,1350,276.486,208.386,51.756
3,225,370,1400,262.866,187.956,33.142
3,225,370,1450,232.448,145.734,43.584
3,225,370,1500,229.27,179.784,61.29
3,225,370,1550,253.332,156.63,43.584
3,225,370,1600,212.472,179.784,84.444
3,225,370,1650,257.418,235.172,78.996
3,225,370,1700,164.802,119.856,70.37
3,315,370,1300,250.608,238.804,32.688
3,315,370,1600,232.902,152.544,42.222
3,315,370,1650,200.214,132.114,47.67
3,315,370,1700,227.454,145.734,81.72
4,0,370,1300,256.056,251.062,12.258
4,0,370,1350,272.4,227.454,10.896
4,0,370,1400,253.332,213.834,19.068
4,0,370,1450,250.608,217.92,23.154
4,0,370,1500,257.418,191.134,39.498
4,0,370,1550,238.35,204.3,38.136
4,0,370,1600,232.902,133.476,66.738
4,0,370,1650,219.282,171.612,108.96
4,0,370,1700,175.698,128.028,70.824
4,90,370,1300,260.142,272.4,24.516
4,90,370,1350,228.816,256.056,20.43
4,90,370,1400,299.64,295.554,24.516
4,90,370,1450,212.472,234.264,27.24
4,90,370,1500,186.14,257.418,39.498
4,90,370,1550,223.368,217.92,66.738
4,90,370,1600,213.834,148.458,55.842
4,90,370,1650,190.68,186.594,119.856
4,90,370,1700,189.318,181.146,85.806
4,180,370,1300,202.938,106.236,72.186
4,180,370,1350,178.422,118.494,93.978
4,180,370,1400,281.934,74.91,70.824
4,180,370,1450,208.386,91.254,65.376
4,180,370,1500,295.1,81.72,139.832
4,180,370,1550,230.178,95.794,51.756
4,180,370,1600,187.048,89.892,66.738
4,180,370,1650,265.59,66.738,65.376
4,180,370,1700,203.846,93.978,61.29
4,270,370,1300,242.436,122.58,59.928
4,270,370,1350,253.332,157.992,47.67
4,270,370,1400,237.442,142.102,104.874
4,270,370,1450,230.632,105.782,57.658
4,270,370,1500,228.816,74.91,61.29
4,270,370,1550,294.192,89.892,52.21
4,270,370,1600,200.214,80.358,57.204
4,270,370,1650,203.846,86.714,57.204
4,270,370,1700,193.858,148.458,85.806
4,45,370,1300,210.202,193.404,43.584
4,45,370,1350,231.54,166.164,27.24
4,45,370,1400,227.454,140.286,21.792
4,45,370,1450,239.712,148.458,46.308
4,45,370,1500,222.006,70.824,50.394
4,45,370,1550,191.134,113.046,57.658
4,45,370,1600,215.196,104.874,57.204
4,45,370,1650,266.044,108.96,72.186
4,45,370,1700,195.22,113.046,67.646
4,135,370,1300,228.816,181.146,55.842
4,135,370,1350,198.852,184.324,36.774
4,135,370,1400,223.822,112.138,74.91
4,135,370,1450,266.952,93.978,65.376
4,135,370,1500,281.026,80.358,61.744
4,135,370,1550,233.356,62.652,74.91
4,135,370,1600,258.78,147.55,89.892
4,135,370,1650,229.724,133.476,32.688
4,135,370,1700,209.748,136.2,80.358
4,225,370,1300,236.08,208.386,18.16
4,225,370,1350,236.988,162.078,42.222
4,225,370,1400,209.748,166.164,27.694
4,225,370,1450,245.16,179.784,38.136
4,225,370,1500,232.902,156.63,51.756
4,225,370,1550,219.282,140.286,74.91
4,225,370,1600,204.754,95.34,70.824
4,225,370,1650,162.532,70.824,44.038
4,225,370,1700,236.988,68.1,95.34
4,315,370,1300,222.006,211.11,27.24
4,315,370,1350,256.056,231.54,18.16
4,315,370,1400,272.4,162.078,47.67
4,315,370,1450,228.816,174.336,42.222
4,315,370,1500,217.92,179.784,43.584
4,315,370,1550,251.97,165.71,43.584
4,315,370,1600,200.214,129.39,51.756
4,315,370,1650,247.884,117.586,69.462
4,315,370,1700,227.454,99.426,42.222
5,0,370,1300,251.97,251.97,17.706
5,0,370,1350,254.694,264.228,20.43
5,0,370,1400,219.282,220.644,17.706
5,0,370,1450,220.644,224.73,24.516
5,0,370,1500,220.644,200.214,29.964
5,0,370,1550,209.748,183.87,55.842
5,0,370,1600,257.418,198.852,72.186
5,0,370,1650,177.06,168.888,95.34
5,0,370,1700,232.902,145.734,132.114
5,90,370,1300,238.35,236.988,9.534
5,90,370,1350,243.798,260.142,17.706
5,90,370,1400,200.214,217.92,23.154
5,90,370,1450,213.834,178.422,21.792
5,90,370,1500,217.92,209.748,27.24
5,90,370,1550,194.766,227.454,31.326
5,90,370,1600,219.282,214.288,51.756
5,90,370,1650,204.3,204.3,36.774
5,90,370,1700,200.214,148.458,42.222
5,180,370,1300,242.436,175.698,55.842
5,180,370,1350,242.436,160.716,54.026
5,180,370,1400,206.57,133.476,98.064
5,180,370,1450,222.46,101.696,76.272
5,180,370,1500,191.588,71.278,48.578
5,180,370,1550,205.662,96.702,59.474
5,180,370,1600,251.97,99.426,57.204
5,180,370,1650,196.128,133.476,80.358
5,180,370,1700,183.416,100.788,86.714
5,270,370,1300,241.074,147.096,40.86
5,270,370,1350,189.318,100.788,51.756
5,270,370,1400,228.816,108.96,50.394
5,270,370,1450,204.3,76.272,62.652
5,270,370,1500,181.146,69.462,38.136
5,270,370,1550,242.436,95.34,68.1
5,270,370,1600,200.214,93.978,51.756
5,270,370,1650,208.386,128.028,98.064
5,270,370,1700,205.208,80.358,51.756
5,45,370,1300,218.374,114.408,46.308
5,45,370,1350,253.332,69.462,75.364
5,45,370,1400,240.62,141.648,27.694
5,45,370,1450,226.092,159.354,40.86
5,45,370,1500,213.834,166.164,59.928
5,45,370,1550,243.798,143.01,55.842
5,45,370,1600,179.784,78.996,74.91
5,45,370,1650,205.208,143.01,57.204
5,45,370,1700,129.39,107.598,84.444
5,135,370,1300,213.834,175.698,42.222
5,135,370,1350,271.038,81.72,47.67
5,135,370,1400,227.454,99.426,59.928
5,135,370,1450,241.074,100.788,114.408
5,135,370,1500,202.938,65.376,42.222
5,135,370,1550,214.288,57.204,86.714
5,135,370,1600,200.668,91.254,38.136
5,135,370,1650,185.686,42.222,39.044
5,135,370,1700,201.576,72.64,76.272
5,225,370,1300,228.816,220.644,38.136
5,225,370,1350,213.834,156.63,42.222
5,225,370,1400,232.902,181.146,32.688
5,225,370,1450,223.368,133.476,66.738
5,225,370,1500,208.386,152.544,59.02
5,225,370,1550,198.852,121.218,60.382
5,225,370,1600,205.208,66.738,76.272
5,225,370,1650,242.436,51.756,72.186
5,225,370,1700,196.128,66.738,61.29
5,315,370,1300,275.124,209.748,27.24
5,315,370,1350,209.748,179.784,27.24
5,315,370,1400,206.116,142.556,19.976
5,315,370,1450,204.3,141.648,21.792
5,315,370,1500,241.074,175.698,51.756
5,315,370,1550,228.816,111.684,76.272
5,315,370,1600,251.97,152.544,74.91
5,315,370,1650,232.902,108.96,42.222
5,315,370,1700,194.766,100.788,65.376
6,0,370,1300,243.798,277.848,14.982
6,0,370,1350,294.192,213.834,23.154
6,0,370,1400,266.952,219.282,32.688
6,0,370,1450,230.632,210.202,32.688
6,0,370,1500,249.246,213.834,34.05
6,0,370,1550,234.264,205.662,43.584
6,0,370,1600,224.73,190.68,70.824
6,0,370,1650,232.902,182.054,114.862
6,0,370,1700,194.766,139.378,76.272
6,90,370,1300,266.952,281.934,13.62
6,90,370,1350,251.97,261.504,13.62
6,90,370,1400,290.106,295.554,38.136
6,90,370,1450,257.872,242.436,24.516
6,90,370,1500,228.816,228.816,38.136
6,90,370,1550,229.27,194.766,70.824
6,90,370,1600,205.662,157.992,58.566
6,90,370,1650,194.766,162.078,124.396
6,90,370,1700,205.662,157.992,104.874
6,180,370,1300,238.35,110.322,57.204
6,180,370,1350,200.668,95.794,104.42
6,180,370,1400,253.332,93.978,84.444
6,180,370,1450,213.834,80.358,91.254
6,180,370,1500,269.222,76.272,119.856
6,180,370,1550,167.98,104.874,47.67
6,180,370,1600,162.078,95.34,80.358
6,180,370,1650,242.436,103.512,80.358
6,180,370,1700,210.202,138.924,55.842
6,270,370,1300,228.816,125.304,46.308
6,270,370,1350,261.504,133.476,51.756
6,270,370,1400,232.902,172.066,104.874
6,270,370,1450,236.08,134.384,67.192
6,270,370,1500,271.492,153.906,65.376
6,270,370,1550,295.554,66.738,57.204
6,270,370,1600,198.852,209.748,57.204
6,270,370,1650,200.214,100.788,62.652
6,270,370,1700,151.182,162.078,89.892
6,45,370,1300,257.418,128.028,66.738
6,45,370,1350,238.35,151.182,57.204
6,45,370,1400,200.668,152.544,29.056
6,45,370,1450,238.35,123.942,47.67
6,45,370,1500,242.436,106.236,38.136
6,45,370,1550,213.834,99.426,53.118
6,45,370,1600,208.84,104.874,52.664
6,45,370,1650,261.504,128.028,89.892
6,45,370,1700,210.202,91.254,61.744
6,135,370,1300,267.86,95.34,48.124
6,135,370,1350,223.368,89.892,61.29
6,135,370,1400,227.454,113.046,71.278
6,135,370,1450,261.504,84.444,47.67
6,135,370,1500,209.748,91.254,58.112
6,135,370,1550,213.834,58.566,51.756
6,135,370,1600,213.834,47.67,66.738
6,135,370,1650,299.64,55.842,70.824
6,135,370,1700,223.368,103.512,57.204
6,225,370,1300,232.902,219.282,23.154
6,225,370,1350,246.522,157.992,57.204
6,225,370,1400,242.436,156.63,118.948
6,225,370,1450,275.578,108.96,48.578
6,225,370,1500,290.106,139.378,57.658
6,225,370,1550,271.038,123.942,70.824
6,225,370,1600,238.35,108.96,65.376
6,225,370,1650,185.232,166.164,47.67
6,225,370,1700,189.318,100.788,57.204
6,315,370,1300,242.436,223.368,29.964
6,315,370,1350,276.486,236.988,19.068
6,315,370,1400,251.97,179.784,57.204
6,315,370,1450,266.952,153.906,46.308
6,315,370,1500,223.368,172.974,38.136
6,315,370,1550,253.332,186.594,43.584
6,315,370,1600,219.282,119.856,66.738
6,315,370,1650,276.486,114.408,85.806
6,315,370,1700,247.884,76.272,42.222
