Sample,P,v,w exp,d exp,R exp,,w model,R model,d model,,R error,w error,d error,,melting regime,,av.error,R,w,d,,nb. of samples
1,100,400,119.7142857,129.2857143,1.079952267,,96.0977,1.31,125.6939,,-0.213016575,0.197274582,0.027781989,,keyhole,,conduction (R<1),0.2491,0.0787,0.206,,6
2,100,500,109.7142857,98.85714286,0.901041667,,89.1506,1.12,99.5664,,-0.24300578,0.187429427,-0.007174566,,transition,,transition (0.8),0.3121,0.126,0.1513,,3
3,100,600,100.2857143,75.14285714,0.749287749,,83.0626,0.98,81.0515,,-0.307908746,0.171740456,-0.078632129,,transition,,keyhole(R>1),0.1989,0.1167,0.1478,,38
4,100,700,79,49.14285714,0.622061483,,78,0.87,67.2315,,-0.398575581,0.018879747,-0.368082849,,transition,,"relevant area (0,8",0.2363,0.1258,0.1099,,21
5,100,800,80.14285714,47.57142857,0.593582888,,74.1632,0.78,57.959,,-0.314054053,0.074612478,-0.218357357,,conduction,,all,0.2057,0.1115,0.1558,,44
6,100,900,75.71428571,46,0.60754717,,72.3087,0.71,51.4644,,-0.16863354,"0,044979434","-0,118791304",,conduction,,,,,,,
7,100,1000,72.71428571,46.14285714,0.634577603,,70.6557,0.65,46.2031,,-0.024303406,0.028310609,-0.001305573,,conduction,,stdev. error,,,,,nb. of samples
8,100,1100,61,28.85714286,0.473067916,,69.1633,0.61,41.8593,,-0.289455445,-0.13382459,-0.450569802,,conduction,,conduction (R<1),0.129,0.0616,0.1743,,6
9,200,400,144.2857143,305.7142857,2.118811881,,136.961,2.62,358.2846,,-0.236542056,0.050765347,-0.171958972,,keyhole,,"transition (0,8",0.0779,0.0931,0.1911,,3
10,200,500,157.7142857,278.7142857,1.767210145,,125.6561,2.23,280.6738,,-0.261875961,0.203267482,-0.007030548,,keyhole,,keyhole (R>1),0.2025,0.0833,0.1407,,38
11,200,600,133.7142857,265.8571429,1.988247863,,116.4691,1.95,227.2984,,0.019236969,0.128970406,0.145035572,,keyhole,,"relevant area (0,8",0.2376,0.0945,0.1081,,21
12,200,700,126,198.8571429,1.578231293,,108.2419,1.73,187.7798,,-0.096163793,0.140937302,0.055705029,,keyhole,,all,0.1937,0.0811,0.1448,,44
13,200,800,141.4285714,128.4285714,0.908080808,,102.5284,1.56,160.2532,,-0.717908788,0.275051717,"-0,247800223",,keyhole,,,,,,,
14,200,900,135.7142857,144,1.061052632,,98.1952,1.42,139.7774,,-0.33829365,0.276456421,0.029323611,,keyhole,,,,,,,
15,200,1000,131.7142857,97.85714286,0.742950108,,94.4023,1.31,123.4629,,-0.763240877,0.283279718,-0.261664671,,keyhole,,,,,,,
16,200,1100,120.8571429,84.14285714,0.696217494,,91.0164,1.21,110.1705,,-0.737962649,0.24690922,-0.309326825,,keyhole,,,,,,,
17,300,400,170.8571429,571.1428571,3.342809365,,170.4263,3.92,668.7426,,-0.172666333,0.002521656,-0.170884993,,keyhole,,,,,,,
18,300,500,159.1428571,469.4285714,2.9497307,,154.8854,3.35,518.9436,,-0.135696896,0.026752423,-0.105479367,,keyhole,,,,,,,
19,300,600,141.7142857,445.1428571,3.141129032,,142.5857,2.93,417.4002,,0.067214377,-0.006149093,0.062323042,,keyhole,,,,,,,
20,300,700,145.1428571,360.8571429,2.486220472,,132.8219,2.6,345.6091,,-0.045764054,0.084888484,0.042255067,,keyhole,,,,,,,
21,300,800,138,350.4285714,2.539337474,,125.6724,2.34,294.6415,,0.078499796,0.089330435,0.159196698,,keyhole,,,,,,,
22,300,900,124.2857143,305,2.454022989,,119.4487,2.14,255.0463,,0.127962529,0.038918506,0.163782623,,keyhole,,,,,,,
23,300,1000,120.2857143,227.7142857,1.893111639,,113.7629,1.96,223.1753,,-0.035332497,0.054227672,0.01993281,,keyhole,,,,,,,
24,300,1100,112,201.1428571,1.795918367,,108.4346,1.82,196.8815,,-0.013409091,0.031833929,0.021185724,,keyhole,,,,,,,
25,400,400,190.5714286,749.7142857,3.934032984,,198.144,5.23,1036.7,,-0.329424543,-0.039736132,-0.382793445,,keyhole,,,,,,,
26,400,500,200.5714286,623.7142857,3.10968661,,179.568,4.47,802.1899,,-0.437443884,0.104717949,-0.286149634,,keyhole,,,,,,,
27,400,600,182.5714286,532.5714286,2.917057903,,164.6153,3.9,642.5186,,-0.336963519,0.098351252,-0.206445869,,keyhole,,,,,,,
28,400,700,147.7142857,496.8571429,3.363636364,,153.986,3.47,534.275,,-0.031621622,-0.042458414,-0.075309086,,keyhole,,,,,,,
29,400,800,147.1428571,454.5714286,3.089320388,,144.7409,3.13,452.4638,,-0.013167819,0.01632398,0.004636518,,keyhole,,,,,,,
30,400,900,136.2857143,409.8571429,3.007337526,,136.3251,2.85,388.1077,,0.052317881,-0.000288994,0.053065912,,keyhole,,,,,,,
31,400,1000,123.1428571,356.8571429,2.897911833,,130.467,2.62,341.2595,,0.095900721,-0.059476799,0.043708367,,keyhole,,,,,,,
32,400,1100,114.2857143,313.5714286,2.74375,,125.2682,2.42,303.2611,,0.117995444,-0.09609675,0.032880319,,keyhole,,,,,,,
33,500,400,188,911.4285714,4.848024316,,222.8808,6.54,1457.6,,-0.349003135,-0.18553617,-0.599247649,,keyhole,,,,,,,
34,500,500,182,885.8571429,4.867346939,,200.9782,5.58,1122.3,,-0.146415094,-0.104275824,-0.266908563,,keyhole,,,,,,,
35,500,600,163.7142857,799.2857143,4.882198953,,184.9513,4.88,902.3663,,0.000450402,-0.129719983,-0.12896588,,keyhole,,,,,,,
36,500,700,152.5714286,721.5714286,4.729400749,,171.8731,4.34,745.4205,,0.082336171,-0.126509082,-0.033051574,,keyhole,,,,,,,
37,500,800,141.4285714,648,4.581818182,,161.4303,3.91,630.7943,,0.146626984,-0.141426364,0.026552006,,keyhole,,,,,,,
38,500,900,125.4285714,555.5714286,4.429384966,,153.1757,3.56,545.1004,,0.196276678,-0.221218565,0.018847313,,keyhole,,,,,,,
39,500,1000,138.8571429,444.4285714,3.200617284,,145.7845,3.26,476.6566,,-0.01855352,-0.049888374,-0.072515654,,keyhole,,,,,,,
40,500,1100,142,287.5714286,2.025150905,,138.9463,3.03,420.4679,,-0.496184799,0.02150493,-0.46213378,,keyhole,,,,,,,
41,600,400,,,,,245.2976,7.85,1925.1,,,,,,,,,,,,,
42,600,500,,,,,220.7784,6.7,1479.4,,,,,,,,,,,,,
43,600,600,179.7142857,895.2857143,4.981717011,,202.5931,5.85,1186.1,,-0.174293921,-0.127306598,-0.324828467,,keyhole,,,,,,,
44,600,700,161.4285714,782,4.844247788,,188.4799,5.2,980.9342,,-0.073438071,-0.167574602,-0.25439156,,keyhole,,,,,,,
45,600,800,153.7142857,681,4.430297398,,177.0881,4.69,830.373,,-0.058619677,-0.15206013,-0.219343612,,keyhole,,,,,,,
46,600,900,136.2857143,637.1428571,4.675052411,,166.8301,4.27,712.43,,0.086641256,-0.22412023,-0.118163677,,keyhole,,,,,,,
47,600,1000,,,,,159.254,3.92,624.8358,,,,,,,,,,,,,
48,600,1100,,,,,152.516,3.63,553.8378,,,,,,,,,,,,,
49,,,,,,,,,,,,,,,,,,,,,,
50,,,,,,,,,,,,,,,,,,,,,,
51,,,,,,,,,,,,,,,,,,,,,,
52,,,,,,,,,,,,,,,,,,,,,,
53,,,,,,,,,,,,,,,,,,,,,,
54,,,,,,,,,,,,,,,,,,,,,,
55,,,,,,,,,,,,,,,,,,,,,,
56,,,,,,,,,,,,,,,,,,,,,,
57,,,,,,,,,,,,,,,,,,,,,,
58,,,,,,,,,,,,,,,,,,,,,,
59,,,,,,,,,,,,,,,,,,,,,,
60,,,,,,,,,,,,,,,,,,,,,,
61,,,,,,,,,,,,,,,,,,,,,,
62,,,,,,,,,,,,,,,,,,,,,,
63,,,,,,,,,,,,,,,,,,,,,,
64,,,,,,,,,,,,,,,,,,,,,,
65,,,,,,,,,,,,,,,,,,,,,,
66,,,,,,,,,,,,,,,,,,,,,,
67,,,,,,,,,,,,,,,,,,,,,,
68,,,,,,,,,,,,,,,,,,,,,,
69,,,,,,,,,,,,,,,,,,,,,,
70,,,,,,,,,,,,,,,,,,,,,,
71,,,,,,,,,,,,,,,,,,,,,,
72,,,,,,,,,,,,,,,,,,,,,,
73,,,,,,,,,,,,,,,,,,,,,,
74,,,,,,,,,,,,,,,,,,,,,,
75,,,,,,,,,,,,,,,,,,,,,,
76,,,,,,,,,,,,,,,,,,,,,,
77,,,,,,,,,,,,,,,,,,,,,,
78,,,,,,,,,,,,,,,,,,,,,,
79,,,,,,,,,,,,,,,,,,,,,,
80,,,,,,,,,,,,,,,,,,,,,,
81,,,,,,,,,,,,,,,,,,,,,,
82,,,,,,,,,,,,,,,,,,,,,,
83,,,,,,,,,,,,,,,,,,,,,,
84,,,,,,,,,,,,,,,,,,,,,,
85,,,,,,,,,,,,,,,,,,,,,,
86,,,,,,,,,,,,,,,,,,,,,,
87,,,,,,,,,,,,,,,,,,,,,,
88,,,,,,,,,,,,,,,,,,,,,,
89,,,,,,,,,,,,,,,,,,,,,,
90,,,,,,,,,,,,,,,,,,,,,,
